Region,Regional District,Year,Gender,Total,0,1,2,3,4,5,6,7,8,9,10,11,12,13,14,15,16,17,18,19,20,21,22,23,24,25,26,27,28,29,30,31,32,33,34,35,36,37,38,39,40,41,42,43,44,45,46,47,48,49,50,51,52,53,54,55,56,57,58,59,60,61,62,63,64,65,66,67,68,69,70,71,72,73,74,75,76,77,78,79,80,81,82,83,84,85,86,87,88,89,90+
0,British Columbia,2022,M,2599845,22087,22119,22738,23308,23884,24684,24872,25826,25682,26040,25628,25368,26111,26365,26125,25525,24935,25695,27122,26698,28300,32186,35278,36506,36808,37462,38034,38815,39202,39389,39848,40171,40769,40431,39268,38997,39449,38986,38215,37215,36433,35288,34159,32641,31607,31548,31123,31165,30954,31082,31756,33735,33989,33570,32827,32489,33799,35634,37192,37951,36521,36531,36064,35081,35061,33669,33170,32199,30504,29495,28266,27295,26809,25339,25086,24189,19509,17680,17035,15785,13903,12583,11352,10244,9103,8249,7600,6545,5796,5060,19039
0,British Columbia,2022,F,2663927,20948,20925,21409,21833,22685,23142,23200,23526,23877,24376,24390,24165,24722,25040,25348,24842,24129,24948,26371,25828,27350,31035,33527,34005,34162,34252,35921,36026,36598,37268,38491,38807,39388,39186,38667,38229,38532,37973,37788,37304,37008,35757,35153,33615,32739,32640,33150,32886,32879,33193,33777,36266,36551,36462,35248,34361,35857,37428,39534,39643,38224,38526,38432,37768,37424,36472,35825,35215,33870,32231,30847,29893,29478,27903,27299,26635,21492,19634,18929,17544,15721,14758,13190,12067,11326,10501,9588,8583,7726,7147,35319
0,British Columbia,2022,T,5263772,43035,43044,44147,45141,46569,47826,48072,49352,49559,50416,50018,49533,50833,51405,51473,50367,49064,50643,53493,52526,55650,63221,68805,70511,70970,71714,73955,74841,75800,76657,78339,78978,80157,79617,77935,77226,77981,76959,76003,74519,73441,71045,69312,66256,64346,64188,64273,64051,63833,64275,65533,70001,70540,70032,68075,66850,69656,73062,76726,77594,74745,75057,74496,72849,72485,70141,68995,67414,64374,61726,59113,57188,56287,53242,52385,50824,41001,37314,35964,33329,29624,27341,24542,22311,20429,18750,17188,15128,13522,12207,54358
0,British Columbia,2023,M,2634662,22346,22412,22448,23134,23707,24284,25044,25230,26169,26026,26359,25888,25673,26545,27057,27094,26350,26324,28369,28673,27628,29031,32873,35941,37243,37665,38562,39183,40123,40466,40552,40876,41107,41675,41242,39943,39535,39937,39384,38622,37576,36748,35590,34409,32817,31735,31602,31141,31186,30939,31018,31679,33616,33906,33516,32785,32433,33753,35570,37133,37890,36456,36444,35949,34903,34853,33413,32903,31908,30156,29162,27877,26880,26331,24791,24480,23509,18902,17060,16374,15074,13228,11900,10660,9558,8430,7578,6918,5898,5158,20147
0,British Columbia,2023,F,2702617,21196,21221,21210,21735,22184,23054,23466,23526,23830,24177,24664,24625,24417,25136,25769,26442,25774,25465,27365,27774,26840,28077,31854,34404,35074,35382,35658,37198,37377,37877,38526,39413,39604,40191,39862,39409,38787,38993,38394,38149,37635,37326,36032,35405,33811,32916,32785,33247,32978,32953,33256,33850,36359,36643,36534,35314,34384,35863,37460,39576,39711,38279,38563,38485,37758,37409,36415,35736,35107,33702,32046,30645,29616,29156,27510,26855,26116,21024,19150,18421,17015,15209,14223,12650,11503,10730,9883,8962,7966,7118,37228
0,British Columbia,2023,T,5337279,43542,43633,43658,44869,45891,47338,48510,48756,49999,50203,51023,50513,50090,51681,52826,53536,52124,51789,55734,56447,54468,57108,64727,70345,72317,73047,74220,76381,77500,78343,79078,80289,80711,81866,81104,79352,78322,78930,77778,76771,75211,74074,71622,69814,66628,64651,64387,64388,64164,63892,64274,65529,69975,70549,70050,68099,66817,69616,73030,76709,77601,74735,75007,74434,72661,72262,69828,68639,67015,63858,61208,58522,56496,55487,52301,51335,49625,39926,36210,34795,32089,28437,26123,23310,21061,19160,17461,15880,13864,12276,57375
0,British Columbia,2024,M,2668939,22574,22664,22735,22839,23528,24102,24641,25401,25572,26511,26343,26618,26191,26104,27234,28022,27914,27733,28991,29912,29593,28351,29711,33526,36667,38089,38756,39703,40486,41384,41626,41579,41811,42012,42483,41913,40477,40019,40329,39786,38978,37885,37043,35834,34576,32937,31783,31614,31156,31165,30869,30937,31561,33529,33845,33467,32723,32389,33696,35519,37076,37816,36371,36328,35765,34699,34588,33146,32608,31546,29819,28765,27459,26408,25769,24202,23803,22787,18250,16409,15648,14354,12522,11186,9957,8862,7755,6910,6245,5259,21191
0,British Columbia,2024,F,2740782,21413,21463,21501,21532,22081,22549,23374,23788,23827,24128,24464,24896,24874,24828,25861,26860,27370,27104,27875,28759,28776,27558,28888,32722,35465,36289,36785,36930,38545,38654,39136,39447,40209,40406,40863,40603,39964,39244,39410,38751,38475,37949,37597,36281,35596,33983,33057,32878,33335,33047,33011,33324,33943,36447,36709,36591,35329,34389,35895,37505,39642,39758,38316,38616,38471,37742,37347,36323,35626,34932,33507,31837,30366,29300,28751,27069,26340,25560,20515,18645,17875,16470,14668,13651,12069,10908,10109,9248,8328,7349,38911
0,British Columbia,2024,T,5409721,43987,44127,44236,44371,45609,46651,48015,49189,49399,50639,50807,51514,51065,50932,53095,54882,55284,54837,56866,58671,58369,55909,58599,66248,72132,74378,75541,76633,79031,80038,80762,81026,82020,82418,83346,82516,80441,79263,79739,78537,77453,75834,74640,72115,70172,66920,64840,64492,64491,64212,63880,64261,65504,69976,70554,70058,68052,66778,69591,73024,76718,77574,74687,74944,74236,72441,71935,69469,68234,66478,63326,60602,57825,55708,54520,51271,50143,48347,38765,35054,33523,30824,27190,24837,22026,19770,17864,16158,14573,12608,60102
0,British Columbia,2025,M,2702416,22778,22883,22979,23118,23225,23917,24452,24991,25737,25908,26823,26597,26916,26618,26788,28193,28835,29289,30392,30525,30820,30303,29018,30351,34235,37491,39155,39871,40980,41724,42522,42634,42498,42702,42805,43140,42433,40949,40401,40720,40131,39277,38171,37277,35991,34686,32975,31786,31620,31128,31087,30781,30815,31475,33464,33790,33397,32674,32336,33652,35470,37007,37721,36255,36141,35554,34436,34310,32850,32240,31194,29417,28338,26983,25853,25165,23543,23083,22012,17565,15695,14915,13603,11787,10465,9249,8170,7088,6254,5586,22238
0,British Columbia,2025,F,2777906,21607,21671,21735,21814,21871,22439,22863,23690,24084,24120,24410,24691,25140,25280,25549,26946,27781,28692,29505,29258,29749,29480,28354,29740,33764,36658,37666,38030,38252,39799,39892,40039,40228,40997,41065,41590,41146,40409,39651,39757,39068,38781,38212,37837,36463,35760,34116,33144,32960,33396,33098,33073,33412,34029,36506,36759,36596,35324,34421,35941,37575,39688,39788,38369,38600,38450,37677,37249,36210,35448,34730,33290,31551,30046,28900,28298,26558,25787,24954,19981,18099,17310,15890,14084,13031,11451,10281,9465,8599,7688,40551
0,British Columbia,2025,T,5480322,44385,44554,44714,44932,45096,46356,47315,48681,49821,50028,51233,51288,52056,51898,52337,55139,56616,57981,59897,59783,60569,59783,57372,60091,67999,74149,76821,77901,79232,81523,82414,82673,82726,83699,83870,84730,83579,81358,80052,80477,79199,78058,76383,75114,72454,70446,67091,64930,64580,64524,64185,63854,64227,65504,69970,70549,69993,67998,66757,69593,73045,76695,77509,74624,74741,74004,72113,71559,69060,67688,65924,62707,59889,57029,54753,53463,50101,48870,46966,37546,33794,32225,29493,25871,23496,20700,18451,16553,14853,13274,62789
0,British Columbia,2026,M,2736420,22983,23093,23203,23370,23511,23620,24273,24810,25333,26079,26227,27083,26901,27349,27308,27756,29016,30220,31955,31931,31437,31534,30974,29666,31074,35082,38588,40304,41184,42252,42893,43559,43579,43412,43516,43480,43675,42918,41342,40802,41074,40436,39568,38409,37437,36103,34724,32979,31795,31593,31052,31000,30661,30732,31420,33412,33720,33347,32622,32303,33619,35416,36925,37604,36077,35937,35293,34171,34013,32490,31890,30782,28989,27856,26426,25259,24493,22847,22316,21203,16820,14979,14154,12824,11045,9739,8544,7484,6433,5613,23500
0,British Columbia,2026,F,2815421,21805,21873,21949,22054,22159,22234,22757,23184,23991,24382,24407,24642,24941,25553,26007,26640,27875,29110,31099,30894,30255,30462,30288,29221,30808,34993,38080,38955,39396,39546,41074,40823,40844,41038,41673,41813,42150,41605,40828,40008,40082,39381,39050,38458,38023,36632,35895,34205,33228,33024,33449,33161,33163,33501,34097,36561,36767,36592,35358,34477,36023,37634,39724,39841,38362,38587,38390,37585,37139,36037,35252,34511,32998,31229,29648,28457,27778,26014,25189,24321,19408,17536,16709,15266,13453,12374,10802,9633,8807,7943,42251
0,British Columbia,2026,T,5551841,44788,44966,45152,45424,45670,45854,47030,47994,49324,50461,50634,51725,51842,52902,53315,54396,56891,59330,63054,62825,61692,61996,61262,58887,61882,70075,76668,79259,80580,81798,83967,84382,84423,84450,85189,85293,85825,84523,82170,80810,81156,79817,78618,76867,75460,72735,70619,67184,65023,64617,64501,64161,63824,64233,65517,69973,70487,69939,67980,66780,69642,73050,76649,77445,74439,74524,73683,71756,71152,68527,67142,65293,61987,59085,56074,53716,52271,48861,47505,45524,36228,32515,30863,28090,24498,22113,19346,17117,15240,13556,65751
0,British Columbia,2027,M,2770831,23185,23303,23419,23602,23769,23912,23983,24637,25159,25682,26404,26492,27392,27341,28047,28284,28587,30411,32894,33500,32846,32154,32208,31628,30402,31944,36210,39771,41652,42490,43451,43958,44529,44515,44246,44208,44032,44175,43323,41754,41165,41384,40731,39808,38571,37550,36140,34726,32987,31769,31516,30965,30879,30580,30682,31378,33346,33670,33295,32591,32283,33583,35351,36820,37423,35882,35681,35030,33886,33649,32148,31479,30343,28508,27293,25832,24599,23784,22104,21513,20324,16068,14230,13360,12034,10294,9011,7841,6807,5786,24653
0,British Columbia,2027,F,2853378,22001,22079,22158,22275,22404,22526,22556,23082,23489,24294,24674,24645,24899,25361,26286,27104,27576,29210,31524,32493,31897,30976,31281,31169,30313,32072,36460,39411,40363,40728,40857,42033,41652,41675,41731,42441,42389,42623,42034,41194,40342,40402,39656,39301,38648,38194,36770,35985,34290,33293,33078,33512,33253,33255,33573,34161,36573,36768,36627,35417,34570,36094,37685,39785,39834,38357,38534,38303,37483,36968,35846,35039,34217,32670,30825,29206,27947,27225,25425,24564,23639,18815,16938,16064,14595,12786,11686,10132,8973,8145,43995
0,British Columbia,2027,T,5624209,45186,45382,45577,45877,46173,46438,46539,47719,48648,49976,51078,51137,52291,52702,54333,55388,56163,59621,64418,65993,64743,63130,63489,62797,60715,64016,72670,79182,82015,83218,84308,85991,86181,86190,85977,86649,86421,86798,85357,82948,81507,81786,80387,79109,77219,75744,72910,70711,67277,65062,64594,64477,64132,63835,64255,65539,69919,70438,69922,68008,66853,69677,73036,76605,77257,74239,74215,73333,71369,70617,67994,66518,64560,61178,58118,55038,52546,51009,47529,46077,43963,34883,31168,29424,26629,23080,20697,17973,15780,13931,68648
0,British Columbia,2028,M,2804872,23369,23505,23629,23817,24000,24169,24274,24347,24986,25507,26006,26669,26801,27832,28038,29022,29116,29983,33084,34438,34414,33562,32828,32861,32361,31270,33072,37392,41118,42957,43687,44514,44926,45463,45347,44936,44758,44530,44578,43732,42115,41475,41679,40970,39968,38681,37583,36138,34729,32957,31691,31427,30843,30796,30529,30642,31320,33298,33618,33262,32571,32257,33533,35262,36651,37223,35633,35422,34744,33533,33302,31744,31040,29848,27943,26691,25170,23900,23024,21323,20636,19428,15277,13444,12549,11227,9535,8280,7140,6131,25792
0,British Columbia,2028,F,2891091,22177,22275,22364,22483,22624,22771,22848,22881,23387,23792,24586,24912,24901,25318,26094,27384,28041,28912,31624,32918,33496,32617,31795,32161,32260,31576,33537,37789,40817,41692,42036,41814,42860,42481,42367,42498,43016,42860,43051,42399,41527,40661,40676,39906,39490,38818,38331,36858,36066,34353,33346,33141,33602,33344,33328,33639,34181,36575,36803,36684,35509,34648,36153,37758,39782,39826,38310,38451,38201,37316,36775,35634,34747,33882,32255,30375,28693,27401,26620,24806,23889,22931,18186,16297,15373,13888,12090,10978,9453,8313,45808
0,British Columbia,2028,T,5695963,45546,45780,45993,46300,46624,46940,47122,47228,48373,49299,50592,51581,51702,53150,54132,56406,57157,58895,64708,67356,67910,66179,64623,65022,64621,62846,66609,75181,81935,84649,85723,86328,87786,87944,87714,87434,87774,87390,87629,86131,83642,82136,82355,80876,79458,77499,75914,72996,70795,67310,65037,64568,64445,64140,63857,64281,65501,69873,70421,69946,68080,66905,69686,73020,76433,77049,73943,73873,72945,70849,70077,67378,65787,63730,60198,57066,53863,51301,49644,46129,44525,42359,33463,29741,27922,25115,21625,19258,16593,14444,71600
0,British Columbia,2029,M,2838492,23527,23688,23830,24026,24216,24401,24531,24638,24695,25334,25831,26271,26978,27241,28529,29014,29854,30511,32657,34629,35352,35129,34234,33479,33592,33227,32397,34254,38739,42421,44153,44749,45481,45859,46294,46036,45485,45255,44933,44986,44091,42424,41769,41916,41127,40075,38712,37578,36137,34694,32875,31600,31303,30760,30745,30490,30588,31283,33249,33585,33241,32547,32219,33460,35109,36462,36969,35381,35139,34389,33196,32891,31311,30544,29268,27339,26019,24467,23149,22223,20467,19740,18485,14445,12638,11718,10409,8769,7546,6438,27057
0,British Columbia,2029,F,2928547,22328,22450,22559,22689,22832,22990,23092,23172,23185,23690,24083,24823,25168,25320,26051,27191,28321,29377,31326,33018,33920,34216,33435,32674,33250,33521,33040,34865,39193,42144,42999,42991,42639,43687,43171,43132,43072,43487,43288,43415,42731,41845,40934,40925,40094,39659,38953,38416,36938,36126,34404,33408,33232,33693,33417,33394,33661,34190,36613,36861,36773,35585,34715,36235,37767,39778,39775,38233,38353,38034,37126,36562,35342,34413,33460,31792,29851,28143,26805,25986,24139,23189,22179,17513,15611,14645,13150,11375,10261,8775,47684
0,British Columbia,2029,T,5767039,45855,46138,46389,46715,47048,47391,47623,47810,47880,49024,49914,51094,52146,52561,54580,56205,58175,59888,63983,67647,69272,69345,67669,66153,66842,66748,65437,69119,77932,84565,87152,87740,88120,89546,89465,89168,88557,88742,88221,88401,86822,84269,82703,82841,81221,79734,77665,75994,73075,70820,67279,65008,64535,64453,64162,63884,64249,65473,69862,70446,70014,68132,66934,69695,72876,76240,76744,73614,73492,72423,70322,69453,66653,64957,62728,59131,55870,52610,49954,48209,44606,42929,40664,31958,28249,26363,23559,20144,17807,15213,74741
0,British Columbia,2030,M,2871695,23655,23846,24013,24227,24424,24615,24762,24894,24986,25043,25657,26095,26579,27417,27938,29505,29846,31249,33185,34201,35542,36066,35800,34884,34209,34455,34351,33578,35601,40042,43615,45213,45714,46413,46688,46981,46584,45982,45657,45340,45344,44398,42716,42005,42071,41231,40102,38703,37573,36098,34607,32780,31475,31218,30709,30706,30438,30555,31245,33221,33565,33216,32510,32159,33325,34938,36221,36711,35107,34788,34051,32797,32451,30822,29962,28646,26664,25306,23712,22358,21346,19593,18797,17495,13592,11813,10876,9583,8003,6814,28427
0,British Columbia,2030,F,2965673,22449,22600,22733,22883,23037,23198,23311,23416,23476,23487,23981,24320,25079,25586,26053,27149,28129,29657,31792,32720,34021,34640,35033,34313,33762,34509,34983,34366,36269,40520,43449,43952,43815,43465,44375,43935,43705,43542,43914,43652,43746,43049,42117,41183,41112,40262,39792,39037,38493,36996,36174,34464,33498,33323,33765,33483,33417,33672,34235,36672,36951,36847,35651,34805,36254,37776,39732,39695,38142,38191,37845,36916,36268,35010,33993,32988,31256,29291,27543,26179,25302,23446,22444,21376,16791,14887,13884,12390,10648,9541,49865
0,British Columbia,2030,T,5837368,46104,46446,46746,47110,47461,47813,48073,48310,48462,48530,49638,50415,51658,53003,53991,56654,57975,60906,64977,66921,69563,70706,70833,69197,67971,68964,69334,67944,71870,80562,87064,89165,89529,89878,91063,90916,90289,89524,89571,88992,89090,87447,84833,83188,83183,81493,79894,77740,76066,73094,70781,67244,64973,64541,64474,64189,63855,64227,65480,69893,70516,70063,68161,66964,69579,72714,75953,76406,73249,72979,71896,69713,68719,65832,63955,61634,57920,54597,51255,48537,46648,43039,41241,38871,30383,26700,24760,21973,18651,16355,78292
0,British Columbia,2031,M,2904510,23753,23973,24170,24410,24625,24824,24977,25125,25242,25333,25366,25921,26404,27018,28114,28914,30337,31241,33923,34729,35114,36256,36735,36447,35611,35070,35577,35529,34923,36904,41236,44674,46176,46645,47241,47375,47528,47079,46383,46063,45697,45649,44688,42952,42160,42173,41255,40089,38694,37529,36006,34506,32650,31389,31165,30670,30653,30406,30522,31228,33205,33541,33178,32452,32037,33172,34715,35977,36431,34764,34454,33649,32368,31953,30246,29338,27952,25946,24540,22917,21492,20451,18674,17808,16481,12721,10979,10029,8760,7239,29995
0,British Columbia,2031,F,3002325,22543,22722,22883,23057,23231,23402,23518,23634,23719,23777,23777,24217,24575,25497,26320,27151,28086,29466,32072,33186,33723,34740,35456,35909,35399,35019,35969,36307,35768,37594,41823,44401,44773,44639,44152,45138,44507,44174,43968,44276,43982,44062,43320,42364,41369,41278,40394,39875,39113,38549,37042,36231,34552,33589,33396,33831,33506,33430,33720,34303,36765,37027,36910,35740,34833,36274,37744,39656,39600,37987,38007,37636,36626,35933,34591,33523,32443,30680,28678,26912,25502,24588,22706,21645,20513,16026,14125,13095,11613,9912,52561
0,British Columbia,2031,T,5906835,46296,46695,47053,47467,47856,48226,48495,48759,48961,49110,49143,50138,50979,52515,54434,56065,58423,60707,65995,67915,68837,70996,72191,72356,71010,70089,71546,71836,70691,74498,83059,89075,90949,91284,91393,92513,92035,91253,90351,90339,89679,89711,88008,85316,83529,83451,81649,79964,77807,76078,73048,70737,67202,64978,64561,64501,64159,63836,64242,65531,69970,70568,70088,68192,66870,69446,72459,75633,76031,72751,72461,71285,68994,67886,64837,62861,60395,56626,53218,49829,46994,45039,41380,39453,36994,28747,25104,23124,20373,17151,82556
0,British Columbia,2032,M,2936946,23826,24071,24297,24566,24807,25024,25184,25339,25472,25589,25656,25629,26230,26842,27716,29090,29747,31733,33915,35467,35642,35828,36924,37381,37172,36470,36189,36752,36871,36225,38098,42295,45637,47105,47472,47926,47920,48022,47478,46788,46420,46003,45938,44921,43104,42261,42194,41239,40077,38647,37432,35900,34370,32560,31334,31124,30618,30621,30375,30510,31224,33185,33504,33119,32331,31898,32969,34490,35710,36081,34438,34055,33217,31882,31366,29628,28640,27214,25175,23733,22047,20609,19511,17712,16797,15446,11841,10142,9185,7943,31811
0,British Columbia,2032,F,3038422,22612,22815,23004,23207,23404,23596,23722,23840,23937,24020,24067,24013,24472,24994,26231,27418,28089,29423,31880,33466,34188,34442,35556,36332,36994,36655,36477,37291,37705,37091,38896,42773,45220,45595,45324,44914,45709,44975,44600,44330,44606,44298,44333,43565,42549,41534,41408,40475,39949,39167,38592,37097,36315,34640,33661,33463,33853,33520,33479,33790,34405,36843,37091,36997,35766,34863,36253,37684,39566,39441,37811,37803,37347,36296,35512,34123,32980,31857,30051,28033,26228,24794,23824,21910,20784,19597,15220,13334,12285,10822,55331
0,British Columbia,2032,T,5975368,46438,46886,47301,47773,48211,48620,48906,49179,49409,49609,49723,49642,50702,51836,53947,56508,57836,61156,65795,68933,69830,70270,72480,73713,74166,73125,72666,74043,74576,73316,76994,85068,90857,92700,92796,92840,93629,92997,92078,91118,91026,90301,90271,88486,85653,83795,83602,81714,80026,77814,76024,72997,70685,67200,64995,64587,64471,64141,63854,64300,65629,70028,70595,70116,68097,66761,69222,72174,75276,75522,72249,71858,70564,68178,66878,63751,61620,59071,55226,51766,48275,45403,43335,39622,37581,35043,27061,23476,21470,18765,87142
0,British Columbia,2033,M,2968990,23882,24143,24394,24693,24963,25205,25384,25546,25686,25818,25911,25919,25937,26668,27540,28692,29923,31143,34407,35459,36379,36355,36496,37569,38104,38029,37587,37363,38092,38170,37418,39157,43258,46565,47931,48156,48471,48413,48420,47883,47144,46725,46291,46169,45070,43203,42281,42176,41224,40025,38546,37322,35760,34274,32501,31293,31071,30587,30590,30365,30512,31218,33154,33447,32998,32195,31710,32765,34245,35376,35748,34049,33627,32727,31308,30736,28936,27898,26421,24364,22850,21159,19681,18526,16726,15763,14399,10956,9307,8346,34097
0,British Columbia,2033,F,3073942,22666,22883,23097,23327,23553,23768,23915,24044,24143,24237,24309,24303,24268,24890,25727,27329,28356,29426,31838,33274,34468,34907,35257,36431,37415,38248,38111,37797,38688,39026,38391,39844,43591,46040,46280,46084,45484,46176,45400,44961,44660,44921,44568,44577,43748,42712,41663,41487,40547,40001,39209,38644,37180,36400,34710,33727,33487,33866,33570,33551,33895,34492,36910,37180,37021,35795,34853,36205,37611,39413,39260,37616,37521,37018,35880,35041,33580,32395,31216,29387,27332,25511,24036,23002,21051,19869,18631,14380,12519,11460,58682
0,British Columbia,2033,T,6042932,46548,47026,47491,48020,48516,48973,49299,49590,49829,50055,50220,50222,50205,51558,53267,56021,58279,60569,66245,68733,70847,71262,71753,74000,75519,76277,75698,75160,76780,77196,75809,79001,86849,92605,94211,94240,93955,94589,93820,92844,91804,91646,90859,90746,88818,85915,83944,83663,81771,80026,77755,75966,72940,70674,67211,65020,64558,64453,64160,63916,64407,65710,70064,70627,70019,67990,66563,68970,71856,74789,75008,71665,71148,69745,67188,65777,62516,60293,57637,53751,50182,46670,43717,41528,37777,35632,33030,25336,21826,19806,92779
0,British Columbia,2034,M,3000579,23932,24199,24466,24790,25089,25362,25565,25746,25893,26032,26141,26174,26227,26376,27366,28516,29525,31319,33817,35951,36371,37092,37022,37140,38291,38959,39143,38758,38701,39389,39361,38476,40120,44186,47391,48615,48700,48963,48811,48824,48238,47448,47013,46521,46316,45165,43221,42262,42157,41169,39920,38433,37176,35658,34209,32456,31240,31040,30558,30581,30370,30512,31201,33102,33328,32861,32009,31522,32543,33934,35060,35351,33631,33141,32150,30692,30032,28201,27100,25584,23474,21946,20223,18704,17513,15714,14713,13341,10069,8471,36507
0,British Columbia,2034,F,3108940,22713,22937,23165,23419,23674,23917,24087,24236,24345,24443,24527,24545,24557,24686,25623,26825,28267,29693,31841,33232,34276,35186,35722,36132,37514,38668,39702,39429,39192,40007,40324,39338,40661,44410,46723,47039,46653,45950,46600,45761,45290,44974,45190,44811,44759,43910,42839,41741,41558,40599,40041,39260,38724,37263,36466,34775,33751,33501,33916,33643,33658,33986,34570,37002,37206,37048,35784,34816,36145,37476,39239,39060,37342,37198,36601,35413,34495,32996,31755,30539,28666,26599,24746,23221,22116,20140,18906,17627,13518,11692,62350
0,British Columbia,2034,T,6109519,46645,47136,47631,48209,48763,49279,49652,49982,50238,50475,50668,50719,50784,51062,52989,55341,57792,61012,65658,69183,70647,72278,72744,73272,75805,77627,78845,78187,77893,79396,79685,77814,80781,88596,94114,95654,95353,94913,95411,94585,93528,92422,92203,91332,91075,89075,86060,84003,83715,81768,79961,77693,75900,72921,70675,67231,64991,64541,64474,64224,64028,64498,65771,70104,70534,69909,67793,66338,68688,71410,74299,74411,70973,70339,68751,66105,64527,61197,58855,56123,52140,48545,44969,41925,39629,35854,33619,30968,23587,20163,98857
0,British Columbia,2035,M,3031660,23983,24248,24522,24861,25186,25487,25721,25927,26092,26239,26354,26403,26481,26665,27073,28342,29349,30922,33994,35361,36862,37083,37758,37665,37861,39144,40072,40312,40094,39996,40578,40417,39438,41049,45012,48074,49158,49192,49360,49214,49178,48541,47735,47242,46668,46409,45179,43199,42242,42100,41061,39803,38283,37070,35589,34158,32399,31209,31010,30551,30587,30373,30502,31164,32989,33193,32675,31825,31317,32256,33642,34681,34925,33155,32568,31529,30002,29283,27408,26257,24666,22561,20991,19236,17698,16470,14684,13648,12276,9178,38746
0,British Columbia,2035,F,3143447,22762,22984,23218,23487,23765,24037,24235,24408,24538,24645,24731,24761,24799,24975,25419,26722,27764,29605,32108,33236,34234,34995,36001,36595,37213,38765,40120,41018,40821,40509,41303,41269,40154,41480,45092,47481,47606,47119,46374,46959,46089,45603,45243,45432,44992,44919,44036,42916,41811,41608,40637,40091,39338,38804,37328,36527,34796,33766,33553,33989,33750,33751,34067,34672,37032,37235,37034,35746,34768,36024,37320,39045,38780,37028,36788,36135,34871,33907,32357,31080,29805,27912,25816,23922,22344,21178,19182,17907,16597,12643,65966
0,British Columbia,2035,T,6175107,46745,47232,47740,48348,48951,49524,49956,50335,50630,50884,51085,51164,51280,51640,52492,55064,57113,60527,66102,68597,71096,72078,73759,74260,75074,77909,80192,81330,80915,80505,81881,81686,79592,82529,90104,95555,96764,96311,95734,96173,95267,94144,92978,92674,91660,91328,89215,86115,84053,83708,81698,79894,77621,75874,72917,70685,67195,64975,64563,64540,64337,64124,64569,65836,70021,70428,69709,67571,66085,68280,70962,73726,73705,70183,69356,67664,64873,63190,59765,57337,54471,50473,46807,43158,40042,37648,33866,31555,28873,21821,104712
0,British Columbia,2036,M,3062250,24046,24299,24570,24916,25256,25583,25847,26082,26273,26437,26560,26616,26710,26919,27362,28050,29176,30746,33596,35537,36273,37574,37749,38399,38385,38713,40255,41238,41646,41387,41183,41632,41377,40367,41876,45695,48616,49649,49588,49763,49568,49481,48827,47963,47387,46760,46420,45153,43177,42184,41989,40939,39649,38174,36997,35534,34095,32364,31179,31002,30559,30591,30366,30472,31067,32861,33009,32490,31623,31049,31990,33290,34275,34441,32594,31952,30834,29268,28475,26571,25331,23723,21596,19983,18217,16660,15406,13636,12573,11204,41356
0,British Columbia,2036,F,3177481,22822,23032,23264,23540,23832,24128,24354,24556,24709,24837,24933,24966,25015,25216,25708,26518,27661,29102,32020,33503,34237,34952,35809,36874,37676,38463,40215,41434,42409,42136,41804,42246,42083,40971,42161,45849,48048,48071,47541,46733,47286,46402,45871,45485,45613,45152,45043,44110,42984,41860,41644,40686,40167,39417,38866,37387,36546,34809,33818,33629,34098,33845,33834,34173,34714,37064,37224,36993,35697,34660,35884,37148,38772,38460,36628,36328,35592,34288,33263,31682,30347,29036,27106,24974,23037,21414,20191,18188,16880,15549,70209
0,British Columbia,2036,T,6239731,46868,47331,47834,48456,49088,49711,50201,50638,50982,51274,51493,51582,51725,52135,53070,54568,56837,59848,65616,69040,70510,72526,73558,75273,76061,77176,80470,82672,84055,83523,82987,83878,83460,81338,84037,91544,96664,97720,97129,96496,96854,95883,94698,93448,93000,91912,91463,89263,86161,84044,83633,81625,79816,77591,75863,72921,70641,67173,64997,64631,64657,64436,64200,64645,65781,69925,70233,69483,67320,65709,67874,70438,73047,72901,69222,68280,66426,63556,61738,58253,55678,52759,48702,44957,41254,38074,35597,31824,29453,26753,111565
0,British Columbia,2037,M,3092417,24135,24361,24621,24964,25311,25654,25942,26207,26428,26618,26758,26822,26923,27148,27617,28339,28884,30572,33421,35140,36449,36984,38238,38390,39118,39236,39823,41420,42570,42937,42572,42236,42591,42303,41192,42560,46239,49107,50045,49991,50116,49871,49765,49054,48107,47477,46770,46391,45126,43116,42072,41864,40782,39535,38096,36937,35466,34055,32331,31173,31010,30565,30586,30340,30383,30956,32684,32827,32289,31358,30804,31667,32913,33812,33869,31990,31261,30093,28475,27620,25651,24379,22725,20577,18943,17167,15601,14324,12579,11492,45507
0,British Columbia,2037,F,3211014,22907,23092,23313,23586,23885,24194,24445,24674,24856,25007,25124,25167,25219,25433,25949,26807,27457,28999,31517,33415,34504,34955,35766,36681,37953,38924,39913,41528,42823,43722,43429,42745,43058,42898,41652,42918,46416,48512,48493,47900,47060,47598,46669,46113,45665,45771,45275,45116,44176,43031,41896,41691,40761,40245,39478,38922,37404,36555,34860,33894,33739,34193,33930,33944,34219,34758,37057,37186,36941,35587,34534,35728,36898,38459,38052,36179,35792,35008,33649,32582,30949,29579,28213,26238,24066,22095,20434,19164,17164,15833,76828
0,British Columbia,2037,T,6303431,47042,47453,47934,48550,49196,49848,50387,50881,51284,51625,51882,51989,52142,52581,53566,55146,56341,59571,64938,68555,70953,71939,74004,75071,77071,78160,79736,82948,85393,86659,86001,84981,85649,85201,82844,85478,92655,97619,98538,97891,97176,97469,96434,95167,93772,93248,92045,91507,89302,86147,83968,83555,81543,79780,77574,75859,72870,70610,67191,65067,64749,64758,64516,64284,64602,65714,69741,70013,69230,66945,65338,67395,69811,72271,71921,68169,67053,65101,62124,60202,56600,53958,50938,46815,43009,39262,36035,33488,29743,27325,122335
0,British Columbia,2038,M,3122253,24266,24450,24683,25014,25359,25708,26012,26303,26553,26772,26938,27020,27128,27360,27845,28594,29173,30281,33247,34965,36052,37160,37649,38878,39108,39967,40344,40987,42751,43859,44120,43623,43193,43515,43127,41876,43104,46731,49503,50447,50344,50418,50155,49991,49196,48196,47485,46739,46361,45061,43001,41947,41704,40665,39454,38033,36865,35422,34016,32321,31181,31016,30562,30561,30255,30280,30797,32510,32628,32024,31117,30503,31320,32480,33262,33253,31312,30524,29293,27637,26682,24706,23373,21673,19525,17870,16095,14525,13233,11517,49500
0,British Columbia,2038,F,3244054,23031,23177,23372,23633,23930,24246,24511,24764,24974,25154,25295,25358,25420,25636,26166,27049,27747,28796,31415,32912,34416,35222,35769,36638,37760,39200,40372,41223,42915,44135,45013,44368,43555,43872,43577,42408,43485,46880,48933,48851,48226,47372,47864,46909,46292,45823,45894,45347,45181,44221,43065,41942,41765,40838,40305,39534,38936,37412,36602,34934,34005,33837,34278,34041,33993,34268,34765,37024,37137,36829,35460,34394,35496,36610,38060,37594,35656,35216,34368,32973,31842,30180,28755,27325,25301,23100,21101,19411,18103,16116,83176
0,British Columbia,2038,T,6366307,47297,47627,48055,48647,49289,49954,50523,51067,51527,51926,52233,52378,52548,52996,54011,55643,56920,59077,64662,67877,70468,72382,73418,75516,76868,79167,80716,82210,85666,87994,89133,87991,86748,87387,86704,84284,86589,93611,98436,99298,98570,97790,98019,96900,95488,94019,93379,92086,91542,89282,86066,83889,83469,81503,79759,77567,75801,72834,70618,67255,65186,64853,64840,64602,64248,64548,65562,69534,69765,68853,66577,64897,66816,69090,71322,70847,66968,65740,63661,60610,58524,54886,52128,48998,44826,40970,37196,33936,31336,27633,132676
0,British Columbia,2039,M,3151827,24433,24580,24771,25076,25409,25756,26067,26372,26648,26897,27093,27200,27326,27566,28058,28822,29427,30570,32956,34791,35876,36762,37824,38288,39595,39956,41074,41506,42316,44038,45041,45169,44579,44116,44338,43809,42420,43598,47128,49906,50800,50646,50703,50380,50132,49283,48203,47453,46708,46293,44941,42874,41787,41584,40580,39387,37959,36817,35380,34001,32327,31189,31013,30541,30478,30157,30130,30642,32319,32367,31782,30819,30179,30920,31963,32669,32560,30588,29729,28447,26716,25717,23705,22311,20586,18440,16775,15005,13440,12137,53108
0,British Columbia,2039,F,3276602,23190,23300,23456,23693,23978,24291,24562,24830,25064,25272,25441,25528,25611,25837,26370,27265,27988,29085,31211,32809,33914,35134,36035,36639,37715,39006,40647,41681,42609,44225,45424,45950,45177,44368,44550,44332,42974,43949,47301,49290,49176,48537,47638,48104,47087,46449,45945,45965,45412,45224,44254,43109,42016,41840,40897,40359,39547,38942,37458,36673,35043,34103,33925,34390,34092,34046,34280,34746,36980,37029,36699,35319,34179,35229,36239,37611,37061,35092,34583,33690,32238,31064,29353,27865,26365,24302,22077,20061,18352,17015,89241
0,British Columbia,2039,T,6428429,47623,47880,48227,48769,49387,50047,50629,51202,51712,52169,52534,52728,52937,53403,54428,56087,57415,59655,64167,67600,69790,71896,73859,74927,77310,78962,81721,83187,84925,88263,90465,91119,89756,88484,88888,88141,85394,87547,94429,99196,99976,99183,98341,98484,97219,95732,94148,93418,92120,91517,89195,85983,83803,83424,81477,79746,77506,75759,72838,70674,67370,65292,64938,64931,64570,64203,64410,65388,69299,69396,68481,66138,64358,66149,68202,70280,69621,65680,64312,62137,58954,56781,53058,50176,46951,42742,38852,35066,31792,29152,142349
0,British Columbia,2040,M,3181149,24621,24747,24901,25164,25470,25805,26114,26426,26717,26992,27217,27354,27506,27764,28263,29035,29656,30825,33245,34500,35702,36587,37426,38462,39004,40441,41061,42234,42833,43603,45219,46089,46123,45501,44938,45019,44352,42914,43997,47532,50259,51101,50930,50927,50520,50217,49287,48168,47420,46638,46170,44808,42710,41666,41497,40510,39309,37908,36771,35361,34001,32332,31188,30993,30461,30382,30012,29984,30472,32066,32128,31484,30499,29804,30439,31406,32002,31822,29806,28887,27518,25768,24695,22648,21212,19463,17330,15660,13904,12346,56901
0,British Columbia,2040,F,3308707,23369,23460,23580,23776,24036,24338,24607,24881,25130,25361,25559,25674,25781,26028,26571,27469,28205,29327,31501,32606,33811,34631,35946,36905,37716,38960,40451,41954,43065,43918,45513,46360,46757,45988,45045,45303,44897,43438,44371,47659,49615,49486,48802,47877,48281,47243,46570,46015,46028,45455,45255,44296,43181,42091,41897,40950,40371,39552,38985,37528,36779,35140,34192,34040,34442,34147,34061,34266,34717,36877,36902,36555,35103,33930,34880,35821,37088,36487,34473,33913,32952,31464,30228,28460,26903,25342,23244,21007,18984,17265,95620
0,British Columbia,2040,T,6489856,47990,48207,48481,48940,49506,50143,50721,51307,51847,52353,52776,53028,53287,53792,54834,56504,57861,60152,64746,67106,69513,71218,73372,75367,76720,79401,81512,84188,85898,87521,90732,92449,92880,91489,89983,90322,89249,86352,88368,95191,99874,100587,99732,98804,98801,97460,95857,94183,93448,92093,91425,89104,85891,83757,83394,81460,79680,77460,75756,72889,70780,67472,65380,65033,64903,64529,64073,64250,65189,68943,69030,68039,65602,63734,65319,67227,69090,68309,64279,62800,60470,57232,54923,51108,48115,44805,40574,36667,32888,29611,152521
0,British Columbia,2041,M,3210232,24818,24934,25068,25293,25558,25866,26163,26473,26771,27061,27312,27478,27660,27943,28461,29240,29869,31054,33500,34789,35411,36413,37250,38064,39177,39850,41545,42220,43560,44119,44782,46266,47041,47044,46321,45618,45560,44844,43313,44402,47887,50561,51385,51154,51066,50605,50220,49251,48134,47349,46514,46034,44640,42587,41579,41425,40429,39254,37859,36748,35357,34001,32327,31169,30913,30368,30240,29871,29825,30242,31838,31834,31164,30129,29351,29921,30778,31290,31023,28978,27959,26559,24762,23613,21552,20075,18311,16197,14530,12792,60471
0,British Columbia,2041,F,3340408,23556,23638,23739,23899,24120,24396,24653,24925,25180,25426,25648,25791,25926,26198,26761,27670,28409,29544,31743,32896,33607,34528,35443,36816,37981,38960,40404,41757,43337,44372,45204,46447,47165,47567,46663,45797,45867,45360,43859,44729,47984,49925,49750,49040,48054,48435,47363,46639,46078,46070,45485,45296,44366,43254,42147,41949,40962,40375,39595,39052,37633,36872,35228,34308,34095,34498,34165,34052,34244,34631,36756,36761,36334,34852,33601,34486,35331,36524,35856,33818,33184,32175,30632,29325,27495,25877,24259,22138,19899,17879,101700
0,British Columbia,2041,T,6550640,48374,48572,48807,49192,49678,50262,50816,51398,51951,52487,52960,53269,53586,54141,55222,56910,58278,60598,65243,67685,69018,70941,72693,74880,77158,78810,81949,83977,86897,88491,89986,92713,94206,94611,92984,91415,91427,90204,87172,89131,95871,100486,101135,100194,99120,99040,97583,95890,94212,93419,91999,91330,89006,85841,83726,83374,81391,79629,77454,75800,72990,70873,67555,65477,65008,64866,64405,63923,64069,64873,68594,68595,67498,64981,62952,64407,66109,67814,66879,62796,61143,58734,55394,52938,49047,45952,42570,38335,34429,30671,162171
